pair,signal,entry_time,entry_price,exit_price,win,pnl
AUD/USD,PUT,2025-08-26 12:25:00,0.6885986757051062,0.6888141683306119,False,-100
AUD/USD,PUT,2025-08-30 05:00:00,0.6883097261330985,0.6885203200753645,False,-100
AUD/USD,PUT,2025-08-30 05:05:00,0.6883199028143748,0.6884091649868579,False,-100
AUD/USD,PUT,2025-08-30 05:10:00,0.6885122491643493,0.6882691290555539,True,85
AUD/USD,PUT,2025-08-30 05:15:00,0.6885178140098036,0.6881860041613148,True,85
AUD/USD,CALL,2025-09-05 08:35:00,0.6863553178302424,0.6865906030752299,True,85
AUD/USD,CALL,2025-09-05 08:40:00,0.6863718518046985,0.6865039628387885,True,85
AUD/USD,CALL,2025-09-05 08:45:00,0.6864710305026639,0.6865075948484706,True,85
AUD/USD,CALL,2025-09-05 08:50:00,0.686492278030318,0.686519110736669,True,85
AUD/USD,CALL,2025-09-05 08:55:00,0.686604009428483,0.686572703876031,False,-100
AUD/USD,CALL,2025-09-05 09:00:00,0.6865906030752299,0.6865765997094939,False,-100
AUD/USD,CALL,2025-09-05 09:05:00,0.6865039628387885,0.6865586150384854,True,85
AUD/USD,CALL,2025-09-05 09:10:00,0.6865075948484706,0.6866348290844461,True,85
AUD/USD,CALL,2025-09-05 09:15:00,0.686519110736669,0.6866258615257257,True,85
AUD/USD,CALL,2025-09-05 09:20:00,0.686572703876031,0.6866705048754732,True,85
AUD/USD,PUT,2025-09-07 15:25:00,0.6860772240104789,0.6862786155277365,False,-100
AUD/USD,PUT,2025-09-07 15:30:00,0.6861897854137341,0.686355858518858,False,-100
AUD/USD,PUT,2025-09-07 15:35:00,0.6862243901524016,0.6863835576020421,False,-100
AUD/USD,CALL,2025-09-09 13:20:00,0.6846332429098073,0.684510062576575,False,-100
AUD/USD,CALL,2025-09-09 13:25:00,0.6846338897941422,0.6844119391345328,False,-100
AUD/USD,CALL,2025-09-09 13:30:00,0.6846419512734663,0.6843647240317088,False,-100
AUD/USD,CALL,2025-09-09 13:35:00,0.6846092983367477,0.6843985105228921,False,-100
AUD/USD,PUT,2025-09-10 06:00:00,0.6833260904644671,0.6833914857413831,False,-100
AUD/USD,PUT,2025-09-10 06:05:00,0.6831743038192444,0.6833421980810157,False,-100
AUD/USD,PUT,2025-09-10 06:10:00,0.6832798438265603,0.6832988224301254,False,-100
AUD/USD,PUT,2025-09-10 06:15:00,0.6833726179493007,0.6833984353960688,False,-100
AUD/USD,PUT,2025-09-10 06:20:00,0.6833149543812027,0.6835484100765663,False,-100
AUD/USD,PUT,2025-09-10 06:25:00,0.6833914857413831,0.6834412620045718,False,-100
AUD/USD,PUT,2025-09-10 06:30:00,0.6833421980810157,0.6835131770342011,False,-100
AUD/USD,CALL,2025-09-10 08:30:00,0.6843494760757555,0.6843390015426949,False,-100
AUD/USD,CALL,2025-09-10 08:35:00,0.68430403480406,0.6842969318611654,False,-100
AUD/USD,CALL,2025-09-10 08:40:00,0.6842783191119782,0.6842426339849953,False,-100
AUD/USD,CALL,2025-09-10 08:45:00,0.684306589791979,0.6843549398072369,True,85
AUD/USD,CALL,2025-09-10 08:50:00,0.6843692448680622,0.6845451114632785,True,85
AUD/USD,CALL,2025-09-10 08:55:00,0.6843390015426949,0.6846086395651323,True,85
AUD/USD,PUT,2025-09-10 17:00:00,0.683929939436788,0.6837582518281072,True,85
AUD/USD,PUT,2025-09-10 17:05:00,0.6840555076534173,0.6837660156471678,True,85
AUD/USD,PUT,2025-09-10 17:10:00,0.6840352372086344,0.6836354125021998,True,85
AUD/USD,PUT,2025-09-10 17:15:00,0.6838742085676867,0.6837270861152973,True,85
AUD/USD,PUT,2025-09-10 17:20:00,0.6837805612427682,0.6837431438865991,True,85
AUD/USD,PUT,2025-09-10 17:25:00,0.6837582518281072,0.6837111491788781,True,85
AUD/USD,PUT,2025-09-10 17:30:00,0.6837660156471678,0.683878571774867,False,-100
AUD/USD,PUT,2025-09-10 17:35:00,0.6836354125021998,0.6838180997523624,False,-100
AUD/USD,PUT,2025-09-10 17:40:00,0.6837270861152973,0.6838343416912045,False,-100
AUD/USD,PUT,2025-09-10 17:45:00,0.6837431438865991,0.6841525946757854,False,-100
AUD/USD,PUT,2025-09-12 17:45:00,0.6826436048551842,0.6826332779556399,True,85
AUD/USD,PUT,2025-09-12 17:50:00,0.6827203602276153,0.6825746979608891,True,85
AUD/USD,PUT,2025-09-12 17:55:00,0.6826723740268846,0.6825387572801447,True,85
AUD/USD,PUT,2025-09-12 18:00:00,0.6826995723043247,0.6824981518463304,True,85
AUD/USD,PUT,2025-09-12 18:05:00,0.6826909529202224,0.6825134971638153,True,85
AUD/USD,PUT,2025-09-17 17:45:00,0.678970123820219,0.6790684279496507,False,-100
AUD/USD,PUT,2025-09-17 17:50:00,0.6789585983205166,0.6790761058585257,False,-100
AUD/USD,PUT,2025-09-17 17:55:00,0.6790342624251456,0.6790793729349207,False,-100
AUD/USD,PUT,2025-09-17 18:00:00,0.6790540722190064,0.6789801476055356,True,85
AUD/USD,PUT,2025-09-17 18:05:00,0.6791157472566282,0.6790291989955364,True,85
EUR/USD,PUT,2025-08-23 16:20:00,1.0774353138967303,1.0773189866632862,True,85
EUR/USD,PUT,2025-08-23 16:25:00,1.077670076952236,1.0771126684632684,True,85
EUR/USD,PUT,2025-08-23 16:30:00,1.0777172888711462,1.0772028333593986,True,85
EUR/USD,PUT,2025-08-23 16:35:00,1.0777427589885589,1.0772733774531298,True,85
EUR/USD,PUT,2025-08-23 16:40:00,1.077594154285711,1.0772783954959089,True,85
EUR/USD,PUT,2025-08-23 16:45:00,1.0773189866632862,1.0772953149662272,True,85
EUR/USD,PUT,2025-08-23 16:55:00,1.0772028333593986,1.0771519143505943,True,85
EUR/USD,CALL,2025-08-25 15:55:00,1.080061683570437,1.0799562060991694,False,-100
EUR/USD,CALL,2025-08-25 16:00:00,1.079882554898258,1.0796586686082408,False,-100
EUR/USD,CALL,2025-08-25 16:05:00,1.0798917059464437,1.0796947575973517,False,-100
EUR/USD,CALL,2025-08-25 18:05:00,1.081233170399764,1.081522082657636,True,85
EUR/USD,CALL,2025-08-25 18:10:00,1.0812087307336935,1.0816535145569115,True,85
EUR/USD,CALL,2025-08-25 18:15:00,1.081228656492702,1.0814371766928337,True,85
EUR/USD,CALL,2025-08-25 18:25:00,1.0815362947205172,1.0811440665860927,False,-100
EUR/USD,CALL,2025-08-25 18:30:00,1.081522082657636,1.0812312143029326,False,-100
EUR/USD,CALL,2025-08-26 12:20:00,1.0844977506109623,1.084275627613337,False,-100
EUR/USD,CALL,2025-08-26 12:25:00,1.084471450464863,1.084320732467673,False,-100
EUR/USD,CALL,2025-08-26 12:30:00,1.08421770418822,1.084448955372192,True,85
EUR/USD,PUT,2025-08-27 06:00:00,1.0830537831356108,1.0831530094321655,False,-100
EUR/USD,PUT,2025-08-27 06:05:00,1.0831385454309157,1.0831983880966982,False,-100
EUR/USD,PUT,2025-08-27 06:10:00,1.0831564309811148,1.083403028429366,False,-100
EUR/USD,PUT,2025-08-27 06:15:00,1.0832501500582183,1.0832431358371573,True,85
EUR/USD,PUT,2025-08-28 10:10:00,1.0808424239230623,1.08071241157153,True,85
EUR/USD,PUT,2025-08-28 10:15:00,1.0807948638035194,1.0806791766875687,True,85
EUR/USD,CALL,2025-08-28 17:55:00,1.0818865278779468,1.0821734327510015,True,85
EUR/USD,CALL,2025-08-28 18:00:00,1.0822098103215576,1.0821348358729692,False,-100
EUR/USD,CALL,2025-08-28 18:05:00,1.0823002943047513,1.0822728620762807,False,-100
EUR/USD,CALL,2025-08-28 18:10:00,1.0819125037284745,1.081851309676745,False,-100
EUR/USD,CALL,2025-08-28 18:15:00,1.0820946092000243,1.0820858211267763,False,-100
EUR/USD,CALL,2025-08-28 18:20:00,1.0821734327510015,1.0819698639254134,False,-100
EUR/USD,CALL,2025-08-28 18:25:00,1.0821348358729692,1.08188289096717,False,-100
EUR/USD,CALL,2025-08-28 18:30:00,1.0822728620762807,1.0817298828683752,False,-100
EUR/USD,PUT,2025-08-29 06:45:00,1.0825136844030567,1.0825879968710406,False,-100
EUR/USD,PUT,2025-08-29 06:50:00,1.0823312419847868,1.0822729591013205,True,85
EUR/USD,PUT,2025-08-29 06:55:00,1.082262018248091,1.0823019115504906,False,-100
EUR/USD,PUT,2025-08-29 07:00:00,1.0820927507951177,1.0824756880312714,False,-100
EUR/USD,PUT,2025-08-29 07:05:00,1.0824108783223647,1.082576035153161,False,-100
EUR/USD,PUT,2025-08-29 07:10:00,1.0825879968710406,1.0827265358188152,False,-100
EUR/USD,PUT,2025-08-29 07:15:00,1.0822729591013205,1.0827969478177455,False,-100
EUR/USD,PUT,2025-08-29 07:20:00,1.0823019115504906,1.0826262047787858,False,-100
EUR/USD,CALL,2025-08-29 08:55:00,1.0842635089479415,1.0842473803840442,False,-100
EUR/USD,CALL,2025-08-29 09:00:00,1.0844609766561932,1.084312689709241,False,-100
EUR/USD,CALL,2025-08-29 09:05:00,1.0844640351313457,1.0844467254386068,False,-100
EUR/USD,CALL,2025-08-29 09:10:00,1.0842060481153173,1.084763640426494,True,85
EUR/USD,CALL,2025-08-29 09:15:00,1.0840277290273417,1.084744913843926,True,85
EUR/USD,CALL,2025-08-29 09:20:00,1.0842473803840442,1.084860945225241,True,85
EUR/USD,CALL,2025-08-29 09:25:00,1.084312689709241,1.0850313974418948,True,85
EUR/USD,CALL,2025-08-30 09:15:00,1.087955073288348,1.0877916127549483,False,-100
EUR/USD,CALL,2025-08-30 09:20:00,1.0877958891120822,1.0880136156047608,True,85
EUR/USD,CALL,2025-08-30 09:25:00,1.087759248620304,1.0880161135779425,True,85
EUR/USD,CALL,2025-08-30 09:30:00,1.0876862364835158,1.0879754914126312,True,85
EUR/USD,PUT,2025-09-01 13:00:00,1.089183546289621,1.0896586274256193,False,-100
EUR/USD,PUT,2025-09-01 13:05:00,1.0893085114357566,1.089465651542856,False,-100
EUR/USD,PUT,2025-09-01 13:10:00,1.0893059186206142,1.089367042558145,False,-100
EUR/USD,PUT,2025-09-01 17:25:00,1.08768252575394,1.08730008111818,True,85
EUR/USD,PUT,2025-09-01 17:35:00,1.0873167264865653,1.0871901150641357,True,85
EUR/USD,PUT,2025-09-01 17:40:00,1.0875881143023052,1.0871110294914463,True,85
EUR/USD,PUT,2025-09-01 17:45:00,1.0875402280076818,1.0869026563112545,True,85
EUR/USD,PUT,2025-09-01 17:50:00,1.08730008111818,1.0869011005349818,True,85
EUR/USD,PUT,2025-09-01 17:55:00,1.087406697959351,1.086954342887556,True,85
EUR/USD,PUT,2025-09-01 18:00:00,1.0871901150641357,1.087004965393365,True,85
EUR/USD,PUT,2025-09-01 18:05:00,1.0871110294914463,1.086943710349055,True,85
EUR/USD,PUT,2025-09-01 18:10:00,1.0869026563112545,1.0870579354563823,False,-100
EUR/USD,PUT,2025-09-01 18:15:00,1.0869011005349818,1.086952732330002,False,-100
EUR/USD,PUT,2025-09-01 18:20:00,1.086954342887556,1.0871347013482902,False,-100
EUR/USD,CALL,2025-09-04 18:45:00,1.0841794323324163,1.0842549863460966,True,85
EUR/USD,CALL,2025-09-04 18:50:00,1.08400474463113,1.0845208351976443,True,85
EUR/USD,CALL,2025-09-04 18:55:00,1.083873555150327,1.084481450839113,True,85
EUR/USD,CALL,2025-09-04 19:00:00,1.0841629610402292,1.084401892355242,True,85
EUR/USD,CALL,2025-09-04 19:05:00,1.0841647476482574,1.0841780384147546,True,85
EUR/USD,CALL,2025-09-04 19:10:00,1.0842549863460966,1.0840175516607042,False,-100
EUR/USD,CALL,2025-09-04 19:15:00,1.0845208351976443,1.0838598792858931,False,-100
EUR/USD,CALL,2025-09-04 19:20:00,1.084481450839113,1.083927494979278,False,-100
EUR/USD,CALL,2025-09-04 19:25:00,1.084401892355242,1.0838528401068577,False,-100
EUR/USD,CALL,2025-09-04 19:30:00,1.0841780384147546,1.083903110061434,False,-100
EUR/USD,CALL,2025-09-04 19:35:00,1.0840175516607042,1.0838051630412668,False,-100
EUR/USD,PUT,2025-09-05 10:55:00,1.0880458543368952,1.0883688260190405,False,-100
EUR/USD,PUT,2025-09-05 11:00:00,1.088227885334693,1.088098525238317,True,85
EUR/USD,PUT,2025-09-06 08:45:00,1.0892729906977645,1.0891839844780282,True,85
EUR/USD,PUT,2025-09-06 08:50:00,1.0891369085377047,1.0890779586966868,True,85
EUR/USD,PUT,2025-09-06 08:55:00,1.089214758718966,1.089075859290617,True,85
EUR/USD,PUT,2025-09-06 09:00:00,1.0891822214868754,1.089224119065213,False,-100
EUR/USD,PUT,2025-09-07 11:35:00,1.0858190419057814,1.0855803055377078,True,85
EUR/USD,PUT,2025-09-07 11:40:00,1.0858547942738503,1.0856873429051614,True,85
EUR/USD,PUT,2025-09-07 11:45:00,1.085949252227512,1.0855671318833695,True,85
EUR/USD,PUT,2025-09-07 11:50:00,1.0859239016139672,1.0857067809670438,True,85
EUR/USD,CALL,2025-09-08 12:15:00,1.088252071778217,1.088164201884701,False,-100
EUR/USD,CALL,2025-09-08 12:20:00,1.0883415273665502,1.0881998217751958,False,-100
EUR/USD,CALL,2025-09-08 12:25:00,1.0884789026109796,1.088283852053168,False,-100
EUR/USD,CALL,2025-09-08 12:30:00,1.0883565472819094,1.0884365809272158,True,85
EUR/USD,CALL,2025-09-08 12:35:00,1.088332181958302,1.0883120647183306,False,-100
EUR/USD,CALL,2025-09-08 12:40:00,1.088164201884701,1.0880945541318805,False,-100
EUR/USD,CALL,2025-09-08 12:45:00,1.0881998217751958,1.0882618195465172,True,85
EUR/USD,CALL,2025-09-08 12:50:00,1.088283852053168,1.0883634977965158,True,85
EUR/USD,CALL,2025-09-08 12:55:00,1.0884365809272158,1.088359186735852,False,-100
EUR/USD,CALL,2025-09-08 13:00:00,1.0883120647183306,1.088367369918726,True,85
EUR/USD,CALL,2025-09-09 19:40:00,1.090869783050732,1.0911196794318052,True,85
EUR/USD,CALL,2025-09-10 09:10:00,1.0947697343232732,1.094816406921589,True,85
EUR/USD,CALL,2025-09-10 09:15:00,1.0949119127732398,1.094967186715304,True,85
EUR/USD,CALL,2025-09-10 09:20:00,1.094812273980195,1.0949292473800163,True,85
EUR/USD,CALL,2025-09-10 09:25:00,1.094879845547112,1.0946103885546066,False,-100
EUR/USD,CALL,2025-09-10 09:30:00,1.094878970455989,1.094560376290941,False,-100
EUR/USD,CALL,2025-09-12 07:40:00,1.096742638459308,1.0967896943982662,True,85
EUR/USD,CALL,2025-09-12 07:45:00,1.0967153028113312,1.097115492778819,True,85
EUR/USD,CALL,2025-09-12 07:55:00,1.0967103657913286,1.0972725566390773,True,85
EUR/USD,PUT,2025-09-12 12:00:00,1.094798788530662,1.095685307212176,False,-100
EUR/USD,PUT,2025-09-13 06:20:00,1.090937349496006,1.0908916093661718,True,85
EUR/USD,PUT,2025-09-13 06:25:00,1.0907344769056433,1.091050743352422,False,-100
EUR/USD,PUT,2025-09-13 06:30:00,1.0908249829242598,1.0911998670627818,False,-100
EUR/USD,PUT,2025-09-13 06:35:00,1.090646377270727,1.0911570267394468,False,-100
EUR/USD,PUT,2025-09-13 06:40:00,1.0905871429719196,1.091448539825271,False,-100
EUR/USD,PUT,2025-09-13 06:45:00,1.0908916093661718,1.091255281226502,False,-100
EUR/USD,PUT,2025-09-13 06:50:00,1.091050743352422,1.0911962799928498,False,-100
EUR/USD,PUT,2025-09-13 06:55:00,1.0911998670627818,1.091352276658096,False,-100
EUR/USD,PUT,2025-09-13 07:00:00,1.0911570267394468,1.0913271810740603,False,-100
EUR/USD,PUT,2025-09-16 08:30:00,1.087871594178043,1.0881755032288722,False,-100
EUR/USD,PUT,2025-09-16 08:35:00,1.0880216587291114,1.0881414111617291,False,-100
EUR/USD,PUT,2025-09-16 08:40:00,1.0883204904941932,1.0882141183701357,True,85
EUR/USD,PUT,2025-09-16 08:45:00,1.0882539017332815,1.088059870469792,True,85
GBP/USD,CALL,2025-08-24 18:30:00,1.2852350579392742,1.2858359899879053,True,85
GBP/USD,CALL,2025-08-24 18:35:00,1.2853535718420344,1.28608452074357,True,85
GBP/USD,CALL,2025-08-24 18:40:00,1.285398301824353,1.2860765132718883,True,85
GBP/USD,CALL,2025-08-24 18:45:00,1.2854462937626814,1.2862558228991177,True,85
GBP/USD,CALL,2025-08-24 18:55:00,1.2858359899879053,1.2873370157019048,True,85
GBP/USD,CALL,2025-08-24 19:00:00,1.28608452074357,1.2874967635360464,True,85
GBP/USD,CALL,2025-08-24 19:05:00,1.2860765132718883,1.287093182591189,True,85
GBP/USD,CALL,2025-08-24 19:10:00,1.2862558228991177,1.287281195519318,True,85
GBP/USD,CALL,2025-08-24 19:15:00,1.28661712374094,1.2870926841038484,True,85
GBP/USD,CALL,2025-08-24 19:20:00,1.2873370157019048,1.2874143917338785,True,85
GBP/USD,CALL,2025-08-24 19:25:00,1.2874967635360464,1.2874950949710304,False,-100
GBP/USD,CALL,2025-08-24 19:30:00,1.287093182591189,1.286940870580231,False,-100
GBP/USD,CALL,2025-08-24 19:35:00,1.287281195519318,1.286920910442756,False,-100
GBP/USD,CALL,2025-08-24 19:40:00,1.2870926841038484,1.2869651653148062,False,-100
GBP/USD,CALL,2025-08-24 19:45:00,1.2874143917338785,1.2866327655027323,False,-100
GBP/USD,CALL,2025-08-24 19:50:00,1.2874950949710304,1.2863023327807976,False,-100
GBP/USD,CALL,2025-08-24 19:55:00,1.286940870580231,1.2862450762267723,False,-100
GBP/USD,CALL,2025-08-24 20:00:00,1.286920910442756,1.2862886015227282,False,-100
GBP/USD,CALL,2025-08-24 20:05:00,1.2869651653148062,1.286178533537406,False,-100
GBP/USD,CALL,2025-08-24 20:10:00,1.2866327655027323,1.2861080877401565,False,-100
GBP/USD,PUT,2025-08-25 15:50:00,1.2864823842926951,1.286364823241253,True,85
GBP/USD,PUT,2025-08-25 15:55:00,1.286294050958091,1.2863588156627332,False,-100
GBP/USD,PUT,2025-08-25 16:00:00,1.2860934553926529,1.2863124281567315,False,-100
GBP/USD,PUT,2025-08-25 16:05:00,1.285939845629891,1.2863599287532934,False,-100
GBP/USD,PUT,2025-08-25 16:10:00,1.2862788952210495,1.2865614262347929,False,-100
GBP/USD,PUT,2025-08-25 16:15:00,1.286364823241253,1.2868482864589508,False,-100
GBP/USD,PUT,2025-08-25 16:20:00,1.2863588156627332,1.286960951161087,False,-100
GBP/USD,PUT,2025-08-25 16:25:00,1.2863124281567315,1.28668544093321,False,-100
GBP/USD,PUT,2025-08-25 16:30:00,1.2863599287532934,1.2865407797761383,False,-100
GBP/USD,PUT,2025-08-25 16:35:00,1.2865614262347929,1.2864581698878967,True,85
GBP/USD,PUT,2025-08-25 16:40:00,1.2868482864589508,1.286592109428365,True,85
GBP/USD,PUT,2025-08-25 16:45:00,1.286960951161087,1.2857859392766415,True,85
GBP/USD,PUT,2025-08-25 16:50:00,1.28668544093321,1.2860379194761486,True,85
GBP/USD,PUT,2025-08-25 20:25:00,1.2843470707012934,1.283889003038452,True,85
GBP/USD,PUT,2025-08-25 20:30:00,1.284177272663343,1.2839192914325852,True,85
GBP/USD,PUT,2025-08-25 20:35:00,1.2838325248793492,1.2838983066411245,False,-100
GBP/USD,PUT,2025-08-25 20:40:00,1.283686778049226,1.2836431117071063,True,85
GBP/USD,PUT,2025-08-25 20:45:00,1.283616055623194,1.283729329315323,False,-100
GBP/USD,PUT,2025-08-25 20:50:00,1.283889003038452,1.2838768016538131,True,85
GBP/USD,PUT,2025-08-25 20:55:00,1.2839192914325852,1.284072788303815,False,-100
GBP/USD,CALL,2025-08-26 07:55:00,1.2829381568737952,1.2825977855420956,False,-100
GBP/USD,CALL,2025-08-26 08:00:00,1.282935419294153,1.282705565679777,False,-100
GBP/USD,CALL,2025-08-26 08:05:00,1.282818778531582,1.2826135977622726,False,-100
GBP/USD,CALL,2025-08-26 08:10:00,1.283025885751269,1.2824460070829242,False,-100
GBP/USD,PUT,2025-08-28 08:35:00,1.2842022651751877,1.2841517011810255,True,85
GBP/USD,PUT,2025-08-28 08:40:00,1.2842523086376247,1.2838443856207475,True,85
GBP/USD,PUT,2025-08-28 08:45:00,1.2844405068123006,1.2842168610467315,True,85
GBP/USD,PUT,2025-08-28 08:50:00,1.2846979676206525,1.284177761906775,True,85
GBP/USD,PUT,2025-08-28 08:55:00,1.28451298141734,1.2842673952926682,True,85
GBP/USD,PUT,2025-08-28 09:05:00,1.2838443856207475,1.2840831688181664,False,-100
GBP/USD,PUT,2025-08-28 09:10:00,1.2842168610467315,1.2840681402821237,True,85
GBP/USD,PUT,2025-08-28 09:15:00,1.284177761906775,1.2843844826026665,False,-100
GBP/USD,PUT,2025-08-28 09:20:00,1.2842673952926682,1.28412442775964,True,85
GBP/USD,PUT,2025-08-28 09:25:00,1.2846343307888175,1.2839293334316653,True,85
GBP/USD,PUT,2025-08-28 09:30:00,1.2840831688181664,1.2837526830078,True,85
GBP/USD,PUT,2025-08-28 09:35:00,1.2840681402821237,1.2835444453200844,True,85
GBP/USD,PUT,2025-08-28 09:40:00,1.2843844826026665,1.2833226194528269,True,85
GBP/USD,CALL,2025-08-28 17:05:00,1.284213981859292,1.2840910660185545,False,-100
GBP/USD,CALL,2025-08-28 17:10:00,1.2842821893533831,1.2843845451677165,True,85
GBP/USD,CALL,2025-08-28 17:15:00,1.2841207307792706,1.2843668923185017,True,85
GBP/USD,CALL,2025-08-28 17:25:00,1.2839787677438204,1.2843780126895987,True,85
GBP/USD,CALL,2025-08-28 17:30:00,1.2840910660185545,1.284755719321361,True,85
GBP/USD,CALL,2025-08-28 17:40:00,1.2843668923185017,1.2848898872447967,True,85
GBP/USD,PUT,2025-08-29 05:10:00,1.284142993304897,1.284301028370221,False,-100
GBP/USD,PUT,2025-08-29 05:15:00,1.2840011293219569,1.2844935667784605,False,-100
GBP/USD,CALL,2025-08-29 06:20:00,1.2859224569604963,1.2852852659785017,False,-100
GBP/USD,CALL,2025-08-29 06:25:00,1.285903225560327,1.2851971346046829,False,-100
GBP/USD,CALL,2025-08-29 06:30:00,1.2856916413377784,1.285349525860249,False,-100
GBP/USD,CALL,2025-08-29 06:35:00,1.285682888215709,1.285062828756201,False,-100
GBP/USD,CALL,2025-08-29 06:40:00,1.2856251914417995,1.2855415540352009,False,-100
GBP/USD,CALL,2025-08-29 06:45:00,1.2852852659785017,1.2853262171357762,True,85
GBP/USD,CALL,2025-08-29 06:50:00,1.2851971346046829,1.285236590324419,True,85
GBP/USD,CALL,2025-08-29 06:55:00,1.285349525860249,1.2854178031164316,True,85
GBP/USD,CALL,2025-08-29 10:45:00,1.286226473361128,1.287250059851832,True,85
GBP/USD,CALL,2025-08-29 10:50:00,1.2868182253298746,1.287578717790817,True,85
GBP/USD,CALL,2025-08-29 10:55:00,1.286896036887141,1.2873836497617015,True,85
GBP/USD,CALL,2025-08-29 11:00:00,1.2872055459547702,1.2875478982107489,True,85
GBP/USD,CALL,2025-08-29 11:05:00,1.2870258811302675,1.2877508744852073,True,85
GBP/USD,CALL,2025-08-29 11:15:00,1.287578717790817,1.2878593074814737,True,85
GBP/USD,CALL,2025-08-29 11:20:00,1.2873836497617015,1.287723870565992,True,85
GBP/USD,CALL,2025-08-29 11:25:00,1.2875478982107489,1.287589404376147,True,85
GBP/USD,CALL,2025-08-29 11:30:00,1.2877508744852073,1.2875203007900515,False,-100
GBP/USD,CALL,2025-08-29 11:35:00,1.2879115870719728,1.2870359710828023,False,-100
GBP/USD,CALL,2025-08-29 11:40:00,1.2878593074814737,1.2870712247027596,False,-100
GBP/USD,CALL,2025-08-29 11:45:00,1.287723870565992,1.286810566290219,False,-100
GBP/USD,CALL,2025-08-29 11:50:00,1.287589404376147,1.2870160739469765,False,-100
GBP/USD,CALL,2025-08-29 11:55:00,1.2875203007900515,1.2868375519260653,False,-100
GBP/USD,CALL,2025-08-30 14:30:00,1.2903647721868112,1.290595534477145,True,85
GBP/USD,CALL,2025-08-30 14:35:00,1.2900994701584838,1.2911638094689877,True,85
GBP/USD,CALL,2025-08-30 14:40:00,1.290293713749097,1.2911822091538003,True,85
GBP/USD,CALL,2025-08-30 14:45:00,1.2905107707179182,1.2910674137185052,True,85
GBP/USD,CALL,2025-08-30 14:50:00,1.2904326446215104,1.2912274297955375,True,85
GBP/USD,CALL,2025-08-30 14:55:00,1.290595534477145,1.291236766335605,True,85
GBP/USD,CALL,2025-08-30 15:00:00,1.2911638094689877,1.2918478734698997,True,85
GBP/USD,CALL,2025-08-30 15:05:00,1.2911822091538003,1.2916318356657923,True,85
GBP/USD,CALL,2025-08-30 15:10:00,1.2910674137185052,1.2914724102508883,True,85
GBP/USD,CALL,2025-08-30 15:15:00,1.2912274297955375,1.291155586045443,False,-100
GBP/USD,CALL,2025-08-30 15:20:00,1.291236766335605,1.2914360792805937,True,85
GBP/USD,CALL,2025-08-30 15:25:00,1.2918478734698997,1.2910223057249586,False,-100
GBP/USD,CALL,2025-08-30 15:30:00,1.2916318356657923,1.2913152246603918,False,-100
GBP/USD,CALL,2025-08-30 15:35:00,1.2914724102508883,1.2912573956312996,False,-100
GBP/USD,CALL,2025-08-30 15:40:00,1.291155586045443,1.2913201186456404,True,85
GBP/USD,CALL,2025-08-30 15:45:00,1.2914360792805937,1.291698647214966,True,85
GBP/USD,CALL,2025-08-31 05:00:00,1.2928531919012598,1.292857615115219,True,85
GBP/USD,CALL,2025-08-31 05:05:00,1.2927661589707256,1.292763997197575,False,-100
GBP/USD,CALL,2025-08-31 05:15:00,1.2928420613037668,1.2928149476998585,False,-100
GBP/USD,CALL,2025-08-31 05:25:00,1.292857615115219,1.2927664344647591,False,-100
GBP/USD,CALL,2025-08-31 05:30:00,1.292763997197575,1.2930170331024546,True,85
GBP/USD,CALL,2025-08-31 05:35:00,1.2931179750502313,1.292797280195016,False,-100
GBP/USD,CALL,2025-08-31 05:40:00,1.2928149476998585,1.292964002199481,True,85
GBP/USD,CALL,2025-08-31 05:45:00,1.2927521188639248,1.2929965525236706,True,85
GBP/USD,CALL,2025-08-31 05:50:00,1.2927664344647591,1.2928695338947176,True,85
GBP/USD,CALL,2025-08-31 05:55:00,1.2930170331024546,1.2928351704863696,False,-100
GBP/USD,PUT,2025-08-31 12:40:00,1.292265338846134,1.2922942509431916,False,-100
GBP/USD,PUT,2025-08-31 12:45:00,1.2920692745214009,1.2923310357205928,False,-100
GBP/USD,PUT,2025-08-31 12:50:00,1.292118391329569,1.2923304500224388,False,-100
GBP/USD,PUT,2025-08-31 12:55:00,1.2923148925084482,1.2926186893864229,False,-100
GBP/USD,PUT,2025-08-31 13:00:00,1.292455313782466,1.292712701381867,False,-100
GBP/USD,PUT,2025-08-31 13:05:00,1.2922942509431916,1.2927722085202142,False,-100
GBP/USD,PUT,2025-08-31 13:10:00,1.2923310357205928,1.2935312307791489,False,-100
GBP/USD,PUT,2025-08-31 13:15:00,1.2923304500224388,1.2933297756742907,False,-100
GBP/USD,CALL,2025-08-31 14:30:00,1.2939085783336184,1.2940007226909074,True,85
GBP/USD,CALL,2025-08-31 14:35:00,1.2940242818947836,1.2944835420093816,True,85
GBP/USD,CALL,2025-08-31 14:40:00,1.2940131000826995,1.2943211977291078,True,85
GBP/USD,PUT,2025-09-02 05:00:00,1.2927783336946634,1.2923326881111554,True,85
GBP/USD,PUT,2025-09-02 05:05:00,1.292363979489161,1.2926161258850049,False,-100
GBP/USD,CALL,2025-09-03 10:05:00,1.2924846111909636,1.291776553155778,False,-100
GBP/USD,CALL,2025-09-03 10:10:00,1.292208606111459,1.2919926473674002,False,-100
GBP/USD,CALL,2025-09-03 10:15:00,1.292084075214026,1.2915048670100662,False,-100
GBP/USD,CALL,2025-09-03 10:20:00,1.2916373490713484,1.291248438196064,False,-100
GBP/USD,CALL,2025-09-03 10:25:00,1.2915162813280376,1.2911888673964376,False,-100
GBP/USD,CALL,2025-09-03 10:30:00,1.291776553155778,1.291320888363923,False,-100
GBP/USD,CALL,2025-09-03 10:35:00,1.2919926473674002,1.2911343249944487,False,-100
GBP/USD,CALL,2025-09-03 19:15:00,1.2923317225499424,1.293218108497857,True,85
GBP/USD,CALL,2025-09-03 19:20:00,1.2925505809428242,1.2932818460336764,True,85
GBP/USD,CALL,2025-09-03 19:25:00,1.2928467636693988,1.2932695645161103,True,85
GBP/USD,CALL,2025-09-03 19:30:00,1.2930926151759945,1.2935886790939406,True,85
GBP/USD,CALL,2025-09-03 19:35:00,1.2931020451755102,1.2937254957899846,True,85
GBP/USD,CALL,2025-09-03 19:40:00,1.293218108497857,1.2940150404133923,True,85
GBP/USD,CALL,2025-09-03 19:45:00,1.2932818460336764,1.2941944905699398,True,85
GBP/USD,CALL,2025-09-03 19:50:00,1.2932695645161103,1.2942243149570016,True,85
GBP/USD,CALL,2025-09-03 19:55:00,1.2935886790939406,1.2943379207640846,True,85
GBP/USD,CALL,2025-09-03 20:00:00,1.2937254957899846,1.2941183148506608,True,85
GBP/USD,CALL,2025-09-03 20:05:00,1.2940150404133923,1.294746954294552,True,85
GBP/USD,CALL,2025-09-03 20:10:00,1.2941944905699398,1.2947764409762528,True,85
GBP/USD,CALL,2025-09-03 20:15:00,1.2942243149570016,1.2949661217248551,True,85
GBP/USD,CALL,2025-09-03 20:20:00,1.2943379207640846,1.2947265908748455,True,85
GBP/USD,CALL,2025-09-03 20:25:00,1.2941183148506608,1.294695214045476,True,85
GBP/USD,CALL,2025-09-03 20:30:00,1.294746954294552,1.294596248105388,False,-100
GBP/USD,CALL,2025-09-03 20:35:00,1.2947764409762528,1.2947681880893531,False,-100
GBP/USD,CALL,2025-09-03 20:40:00,1.2949661217248551,1.2951017619058824,True,85
GBP/USD,CALL,2025-09-03 20:45:00,1.2947265908748455,1.2949615412192192,True,85
GBP/USD,CALL,2025-09-03 20:50:00,1.294695214045476,1.2946355697474372,False,-100
GBP/USD,CALL,2025-09-03 20:55:00,1.294596248105388,1.294850329521799,True,85
GBP/USD,CALL,2025-09-04 12:30:00,1.296451678777104,1.2967963896411416,True,85
GBP/USD,CALL,2025-09-04 12:35:00,1.296249187344371,1.2969613303809395,True,85
GBP/USD,CALL,2025-09-04 12:40:00,1.296474730160948,1.2967192818756883,True,85
GBP/USD,CALL,2025-09-04 12:45:00,1.2964978519893324,1.2967605052232871,True,85
GBP/USD,CALL,2025-09-04 12:50:00,1.296466429926543,1.296926299437076,True,85
GBP/USD,CALL,2025-09-04 12:55:00,1.2967963896411416,1.297136899855572,True,85
GBP/USD,CALL,2025-09-04 13:00:00,1.2969613303809395,1.297002716600901,True,85
GBP/USD,CALL,2025-09-04 13:05:00,1.2967192818756883,1.2970265799046494,True,85
GBP/USD,CALL,2025-09-04 13:10:00,1.2967605052232871,1.297233424430551,True,85
GBP/USD,CALL,2025-09-04 13:15:00,1.296926299437076,1.297369783753339,True,85
GBP/USD,CALL,2025-09-04 13:25:00,1.297002716600901,1.2971232978373597,True,85
GBP/USD,CALL,2025-09-04 13:30:00,1.2970265799046494,1.2971526042706096,True,85
GBP/USD,CALL,2025-09-06 13:05:00,1.2971217642571171,1.297338543924143,True,85
GBP/USD,CALL,2025-09-06 13:10:00,1.297709142525407,1.2971204036933277,False,-100
GBP/USD,CALL,2025-09-06 13:15:00,1.2977816380493643,1.297349044133306,False,-100
GBP/USD,CALL,2025-09-06 13:20:00,1.2977760620187748,1.2977374389979452,False,-100
GBP/USD,CALL,2025-09-06 13:25:00,1.297707096375366,1.2979423593799406,True,85
GBP/USD,CALL,2025-09-06 13:30:00,1.297338543924143,1.2976259678683923,True,85
GBP/USD,CALL,2025-09-06 13:35:00,1.2971204036933277,1.297770652941458,True,85
GBP/USD,CALL,2025-09-06 13:40:00,1.297349044133306,1.2978649760559189,True,85
GBP/USD,CALL,2025-09-06 13:45:00,1.2977374389979452,1.2978946474321935,True,85
GBP/USD,CALL,2025-09-06 13:50:00,1.2979423593799406,1.2978651653286355,False,-100
GBP/USD,CALL,2025-09-06 13:55:00,1.2976259678683923,1.2982617297079069,True,85
GBP/USD,CALL,2025-09-06 14:00:00,1.297770652941458,1.2983129337955774,True,85
GBP/USD,CALL,2025-09-06 14:05:00,1.2978649760559189,1.2983120381905948,True,85
GBP/USD,CALL,2025-09-06 14:10:00,1.2978946474321935,1.2982625743915075,True,85
GBP/USD,CALL,2025-09-06 14:15:00,1.2978651653286355,1.298266460159591,True,85
GBP/USD,CALL,2025-09-06 18:25:00,1.3012320861744862,1.3008875854449526,False,-100
GBP/USD,CALL,2025-09-06 18:30:00,1.3012304666011074,1.3007384979120291,False,-100
GBP/USD,CALL,2025-09-06 18:35:00,1.3008203954791746,1.3006388388655263,False,-100
GBP/USD,CALL,2025-09-07 13:40:00,1.3029203959349962,1.3033414601740811,True,85
GBP/USD,CALL,2025-09-07 13:45:00,1.3032516009518056,1.3034069869657672,True,85
GBP/USD,CALL,2025-09-07 13:50:00,1.3033728109535716,1.3032365716273293,False,-100
GBP/USD,CALL,2025-09-07 13:55:00,1.3032685062055755,1.3032369182665726,False,-100
GBP/USD,CALL,2025-09-07 14:00:00,1.3032707797317675,1.303035876919805,False,-100
GBP/USD,CALL,2025-09-07 14:05:00,1.3033414601740811,1.3027705399704104,False,-100
GBP/USD,CALL,2025-09-07 14:15:00,1.3032365716273293,1.3027946744013346,False,-100
GBP/USD,CALL,2025-09-07 14:20:00,1.3032369182665726,1.302558839363786,False,-100
GBP/USD,CALL,2025-09-07 14:25:00,1.303035876919805,1.3025673706929002,False,-100
GBP/USD,CALL,2025-09-08 11:35:00,1.301403717076737,1.301581064151423,True,85
GBP/USD,CALL,2025-09-08 11:40:00,1.30175059109984,1.3017205431912668,False,-100
GBP/USD,CALL,2025-09-08 11:45:00,1.3015331741834928,1.3015477319178363,True,85
GBP/USD,CALL,2025-09-08 11:50:00,1.30158921038784,1.3017776467630142,True,85
GBP/USD,CALL,2025-09-08 11:55:00,1.3013283279996006,1.3016648570382037,True,85
GBP/USD,CALL,2025-09-08 12:00:00,1.301581064151423,1.302262442904233,True,85
GBP/USD,CALL,2025-09-08 12:05:00,1.3017205431912668,1.301976496507,True,85
GBP/USD,CALL,2025-09-08 12:10:00,1.3015477319178363,1.3018752146295134,True,85
GBP/USD,PUT,2025-09-10 07:25:00,1.301858076129558,1.30156805585794,True,85
GBP/USD,CALL,2025-09-10 09:35:00,1.3029240625946592,1.3023794446882495,False,-100
GBP/USD,CALL,2025-09-12 05:05:00,1.3032649298783945,1.3028297140101472,False,-100
GBP/USD,CALL,2025-09-12 05:10:00,1.3029865394875355,1.3027410133826245,False,-100
GBP/USD,CALL,2025-09-12 05:15:00,1.3029037097223004,1.302473323876627,False,-100
GBP/USD,CALL,2025-09-12 05:20:00,1.303048962456862,1.302758048217984,False,-100
GBP/USD,PUT,2025-09-12 09:45:00,1.3015442090915033,1.3014809259509466,True,85
GBP/USD,PUT,2025-09-12 09:50:00,1.3015640616568362,1.301062106207424,True,85
GBP/USD,PUT,2025-09-12 10:00:00,1.3015033637336584,1.3014217937923798,True,85
GBP/USD,PUT,2025-09-12 10:05:00,1.301532681672504,1.3012823821885722,True,85
GBP/USD,PUT,2025-09-12 10:10:00,1.3014809259509466,1.3010198594597289,True,85
GBP/USD,PUT,2025-09-12 10:15:00,1.301062106207424,1.301017188950182,True,85
GBP/USD,PUT,2025-09-12 17:50:00,1.2981001170189064,1.297827220077922,True,85
GBP/USD,PUT,2025-09-12 17:55:00,1.2980636961616954,1.298031124502341,True,85
GBP/USD,CALL,2025-09-13 20:30:00,1.3000677498099265,1.299515327518295,False,-100
GBP/USD,CALL,2025-09-14 09:05:00,1.300864802751643,1.3002445512365737,False,-100
GBP/USD,PUT,2025-09-15 09:00:00,1.2989016658575394,1.298844626981519,True,85
GBP/USD,PUT,2025-09-15 09:05:00,1.2986327811845988,1.299038717870036,False,-100
GBP/USD,PUT,2025-09-15 09:10:00,1.298602333574228,1.2990043101310107,False,-100
GBP/USD,PUT,2025-09-15 09:15:00,1.298710293601988,1.2988668135630694,False,-100
GBP/USD,PUT,2025-09-16 08:40:00,1.3005513729989555,1.3007306741924778,False,-100
GBP/USD,PUT,2025-09-16 08:45:00,1.3009385276360868,1.3009203071285171,True,85
GBP/USD,PUT,2025-09-16 08:50:00,1.3009956247908898,1.3013754306804957,False,-100
GBP/USD,PUT,2025-09-16 08:55:00,1.3007548223172696,1.3012069306013874,False,-100
GBP/USD,PUT,2025-09-16 09:00:00,1.3004482059326588,1.300871319962693,False,-100
GBP/USD,PUT,2025-09-16 09:05:00,1.3007306741924778,1.301137142217684,False,-100
GBP/USD,PUT,2025-09-16 09:10:00,1.3009203071285171,1.3011825887030808,False,-100
GBP/USD,PUT,2025-09-16 09:15:00,1.3013754306804957,1.3013327759072228,True,85
GBP/USD,PUT,2025-09-16 09:20:00,1.3012069306013874,1.3012022061224957,True,85
GBP/USD,PUT,2025-09-16 09:25:00,1.300871319962693,1.301211898616347,False,-100
GBP/USD,PUT,2025-09-16 09:30:00,1.301137142217684,1.3012036374563145,False,-100
GBP/USD,PUT,2025-09-16 09:35:00,1.3011825887030808,1.301051066708674,True,85
GBP/USD,PUT,2025-09-17 07:50:00,1.2961243498573385,1.2953519294365547,True,85
GBP/USD,PUT,2025-09-17 07:55:00,1.2960974222244332,1.2953577822547144,True,85
GBP/USD,PUT,2025-09-17 08:00:00,1.2955859912595271,1.2953118911061507,True,85
GBP/USD,PUT,2025-09-17 08:05:00,1.295700640269864,1.2955024345906268,True,85
GBP/USD,PUT,2025-09-17 08:10:00,1.29553950743408,1.2955343993056945,True,85
GBP/USD,PUT,2025-09-17 08:15:00,1.2953519294365547,1.295125656408015,True,85
GBP/USD,PUT,2025-09-17 08:20:00,1.2953577822547144,1.2954097866839094,False,-100
GBP/USD,PUT,2025-09-17 08:30:00,1.2955024345906268,1.295218001062879,True,85
GBP/USD,PUT,2025-09-17 08:35:00,1.2955343993056945,1.2952832172808522,True,85
GBP/USD,PUT,2025-09-17 08:40:00,1.295125656408015,1.29530661899439,False,-100
GBP/USD,PUT,2025-09-17 08:45:00,1.2954097866839094,1.2953928655590106,True,85
GBP/USD,PUT,2025-09-17 08:50:00,1.2956205514230787,1.295242691956803,True,85
GBP/USD,PUT,2025-09-17 14:00:00,1.2931547144764173,1.2927063629086533,True,85
GBP/USD,PUT,2025-09-17 14:05:00,1.292935191921205,1.2925478643835857,True,85
GBP/USD,PUT,2025-09-17 14:10:00,1.2929199209373492,1.2926983563737793,True,85
GBP/USD,PUT,2025-09-17 14:15:00,1.2928523427838785,1.2930941749307647,False,-100
GBP/USD,PUT,2025-09-17 14:20:00,1.2928951289416184,1.293036516024392,False,-100
GBP/USD,PUT,2025-09-17 14:30:00,1.2925478643835857,1.2934028377443625,False,-100
GBP/USD,PUT,2025-09-17 14:35:00,1.2926983563737793,1.2933321635851798,False,-100
GBP/USD,CALL,2025-09-17 20:05:00,1.2954431013019074,1.29560578849393,True,85
GBP/USD,CALL,2025-09-17 20:10:00,1.295674012592874,1.2954161474258574,False,-100
GBP/USD,CALL,2025-09-17 20:15:00,1.2959584349727329,1.2953787989080554,False,-100
GBP/USD,CALL,2025-09-17 20:20:00,1.2958784488721558,1.2952658205797485,False,-100
GBP/USD,CALL,2025-09-17 20:25:00,1.2956850642978637,1.2952613726056634,False,-100
GBP/USD,CALL,2025-09-17 20:30:00,1.29560578849393,1.2948690351552812,False,-100
GBP/USD,CALL,2025-09-17 20:35:00,1.2954161474258574,1.2951226304586347,False,-100
GBP/USD,CALL,2025-09-17 20:40:00,1.2953787989080554,1.2954444857411578,True,85
GBP/USD,CALL,2025-09-17 20:45:00,1.2952658205797485,1.2959074182135693,True,85
GBP/USD,CALL,2025-09-17 20:50:00,1.2952613726056634,1.2960333713925525,True,85
GBP/USD,PUT,2025-09-18 12:20:00,1.2941400922360842,1.2940123688791332,True,85
GBP/USD,PUT,2025-09-18 12:25:00,1.2940147921725198,1.293951068350372,True,85
GBP/USD,PUT,2025-09-18 12:30:00,1.2941718435968212,1.293783440064899,True,85
GBP/USD,PUT,2025-09-18 12:35:00,1.2940618303084204,1.2941601464508572,False,-100
GBP/USD,PUT,2025-09-18 14:10:00,1.29228332010079,1.2925709503912275,False,-100
GBP/USD,PUT,2025-09-18 14:15:00,1.2924280639853447,1.2923761775559202,True,85
GBP/USD,PUT,2025-09-18 14:20:00,1.2925279762708164,1.2922259464660442,True,85
GBP/USD,PUT,2025-09-18 14:25:00,1.292849959576153,1.2922689739457045,True,85
GBP/USD,PUT,2025-09-18 14:30:00,1.29280825765739,1.2920448159939926,True,85
GBP/USD,PUT,2025-09-18 14:35:00,1.2925709503912275,1.292458523318924,True,85
GBP/USD,PUT,2025-09-18 14:40:00,1.2923761775559202,1.292576591402814,False,-100
GBP/USD,PUT,2025-09-18 14:50:00,1.2922689739457045,1.2926668580573824,False,-100
GBP/USD,PUT,2025-09-18 14:55:00,1.2920448159939926,1.2929633056847392,False,-100
GBP/USD,PUT,2025-09-18 17:25:00,1.2916110259869793,1.291210977680629,True,85
GBP/USD,PUT,2025-09-18 17:30:00,1.291457258064622,1.2908118762385608,True,85
GBP/USD,PUT,2025-09-18 17:35:00,1.2915475301807833,1.2908551377724036,True,85
GBP/USD,PUT,2025-09-18 17:40:00,1.291151939322984,1.290733721315259,True,85
GBP/USD,PUT,2025-09-18 17:45:00,1.2910041429644838,1.2906989902873507,True,85
GBP/USD,PUT,2025-09-18 17:50:00,1.291210977680629,1.2912579011913234,False,-100
GBP/USD,PUT,2025-09-18 18:00:00,1.2908551377724036,1.2916481693031592,False,-100
GBP/USD,PUT,2025-09-18 18:05:00,1.290733721315259,1.292115175938418,False,-100
GBP/USD,PUT,2025-09-18 19:25:00,1.2900547774982756,1.2896948063674505,True,85
GBP/USD,PUT,2025-09-18 19:30:00,1.28967355130616,1.289614619368706,True,85
GBP/USD,PUT,2025-09-18 19:35:00,1.2894658008765765,1.2895782471513726,False,-100
GBP/USD,PUT,2025-09-18 19:40:00,1.2896061469268716,1.2896566171834962,False,-100
GBP/USD,PUT,2025-09-18 19:45:00,1.2896270018331857,1.2896551494748631,False,-100
GBP/USD,PUT,2025-09-18 19:50:00,1.2896948063674505,1.2897521112922066,False,-100
GBP/USD,PUT,2025-09-18 19:55:00,1.289614619368706,1.2899603784175924,False,-100
GBP/USD,PUT,2025-09-18 20:00:00,1.2895782471513726,1.2899225135899548,False,-100
GBP/USD,PUT,2025-09-18 20:05:00,1.2896566171834962,1.2897126415914175,False,-100
GBP/USD,PUT,2025-09-18 20:10:00,1.2896551494748631,1.28972233411218,False,-100
GBP/USD,PUT,2025-09-18 20:15:00,1.2897521112922066,1.289685717504521,True,85
GBP/USD,PUT,2025-09-18 20:20:00,1.2899603784175924,1.2898217950700028,True,85
GBP/USD,PUT,2025-09-18 20:25:00,1.2899225135899548,1.2897863572868289,True,85
GBP/USD,PUT,2025-09-18 20:30:00,1.2897126415914175,1.2895422256839084,True,85
GBP/USD,PUT,2025-09-18 20:35:00,1.28972233411218,1.2894644457532909,True,85
NZD/USD,PUT,2025-08-24 05:00:00,0.5960851056449807,0.5959891402875974,True,85
NZD/USD,PUT,2025-08-24 05:05:00,0.5959472309765421,0.5959502330121476,False,-100
NZD/USD,PUT,2025-08-24 05:10:00,0.5958994575969205,0.5959438636619929,False,-100
NZD/USD,PUT,2025-08-24 05:15:00,0.5959245119112153,0.5959881924778208,False,-100
NZD/USD,CALL,2025-08-25 16:10:00,0.5963399466182803,0.5964722292082947,True,85
NZD/USD,CALL,2025-08-25 16:15:00,0.596411812463922,0.5964752878855087,True,85
NZD/USD,CALL,2025-08-25 16:20:00,0.5963912293471325,0.5965639725258122,True,85
NZD/USD,CALL,2025-08-25 16:25:00,0.5963802591413291,0.5965098566973452,True,85
NZD/USD,CALL,2025-08-25 16:35:00,0.5964722292082947,0.596418854570455,False,-100
NZD/USD,PUT,2025-08-27 13:05:00,0.5955356124183543,0.5958923721128281,False,-100
NZD/USD,PUT,2025-08-27 13:10:00,0.5955984616302686,0.5958728685578825,False,-100
NZD/USD,PUT,2025-08-27 13:15:00,0.5956218413010564,0.5959485559576359,False,-100
NZD/USD,PUT,2025-09-02 06:50:00,0.594877026300322,0.5946315746250396,True,85
NZD/USD,PUT,2025-09-02 06:55:00,0.5947639032560111,0.5945262948642005,True,85
NZD/USD,PUT,2025-09-02 07:00:00,0.5945852927912797,0.594566122084286,True,85
NZD/USD,PUT,2025-09-02 07:05:00,0.5945319956757095,0.5945983421096868,False,-100
NZD/USD,PUT,2025-09-02 07:10:00,0.5946302946587938,0.5946566169215087,False,-100
NZD/USD,PUT,2025-09-02 07:15:00,0.5946315746250396,0.5947979728188296,False,-100
NZD/USD,PUT,2025-09-02 07:25:00,0.594566122084286,0.5947506852233683,False,-100
NZD/USD,PUT,2025-09-02 07:30:00,0.5945983421096868,0.5948951017769153,False,-100
NZD/USD,PUT,2025-09-02 07:35:00,0.5946566169215087,0.5948315997860233,False,-100
NZD/USD,PUT,2025-09-03 11:15:00,0.5945527232215856,0.5947123287110723,False,-100
NZD/USD,PUT,2025-09-03 11:20:00,0.5946790139684285,0.5947816014860806,False,-100
NZD/USD,PUT,2025-09-03 11:25:00,0.5947291887861597,0.5947503243450444,False,-100
NZD/USD,PUT,2025-09-03 11:30:00,0.5948136563282598,0.5947385007293127,True,85
NZD/USD,PUT,2025-09-03 11:35:00,0.5947364014472551,0.5947503680127308,False,-100
NZD/USD,PUT,2025-09-03 11:40:00,0.5947123287110723,0.5946715095014375,True,85
NZD/USD,PUT,2025-09-03 11:45:00,0.5947816014860806,0.594687330376669,True,85
NZD/USD,PUT,2025-09-03 11:50:00,0.5947503243450444,0.5945880618692253,True,85
NZD/USD,CALL,2025-09-04 16:15:00,0.5954830950728512,0.5955412587951613,True,85
NZD/USD,CALL,2025-09-04 16:20:00,0.5953580071786627,0.5954444393760684,True,85
NZD/USD,CALL,2025-09-04 16:25:00,0.5954767803765391,0.5954813994284963,True,85
NZD/USD,CALL,2025-09-05 20:55:00,0.5944533333407841,0.5941903286573479,False,-100
NZD/USD,PUT,2025-09-06 16:45:00,0.5917792353949537,0.5917139223410066,True,85
NZD/USD,PUT,2025-09-06 16:50:00,0.5918974396547096,0.5916877175539503,True,85
NZD/USD,PUT,2025-09-06 17:00:00,0.5917053741544572,0.5917204838857761,False,-100
NZD/USD,PUT,2025-09-06 17:05:00,0.591579801838864,0.5917072560785757,False,-100
NZD/USD,PUT,2025-09-10 06:15:00,0.5899941426606026,0.5897394922174785,True,85
NZD/USD,PUT,2025-09-10 06:20:00,0.5899721027679538,0.5896860040291012,True,85
NZD/USD,PUT,2025-09-10 06:25:00,0.5897420214169234,0.589743784654242,False,-100
NZD/USD,PUT,2025-09-10 06:30:00,0.5898304678079188,0.5898375615660882,False,-100
NZD/USD,PUT,2025-09-10 06:35:00,0.5897226737459513,0.58996431751061,False,-100
NZD/USD,PUT,2025-09-10 06:40:00,0.5897394922174785,0.5899779041156396,False,-100
NZD/USD,PUT,2025-09-10 06:50:00,0.589743784654242,0.5901108139060258,False,-100
NZD/USD,PUT,2025-09-10 06:55:00,0.5898375615660882,0.5899804724724891,False,-100
NZD/USD,PUT,2025-09-10 07:00:00,0.58996431751061,0.5898869158163097,True,85
NZD/USD,CALL,2025-09-11 06:40:00,0.5924441107790892,0.5926866803091329,True,85
NZD/USD,CALL,2025-09-11 06:45:00,0.5925127548785349,0.5927590391636409,True,85
NZD/USD,CALL,2025-09-11 06:50:00,0.5924639084731707,0.592754234899865,True,85
NZD/USD,CALL,2025-09-11 06:55:00,0.5925847359266084,0.59281448524012,True,85
NZD/USD,CALL,2025-09-11 07:00:00,0.5926207549016038,0.5927954196301524,True,85
NZD/USD,CALL,2025-09-11 07:05:00,0.5926866803091329,0.5928246746155931,True,85
NZD/USD,CALL,2025-09-11 07:10:00,0.5927590391636409,0.5927124738298033,False,-100
NZD/USD,CALL,2025-09-11 07:15:00,0.592754234899865,0.5927183189865372,False,-100
NZD/USD,CALL,2025-09-11 07:25:00,0.5927954196301524,0.5928886802383776,True,85
NZD/USD,CALL,2025-09-11 07:30:00,0.5928246746155931,0.5929153079746988,True,85
NZD/USD,CALL,2025-09-11 07:35:00,0.5927124738298033,0.5929676714293232,True,85
NZD/USD,CALL,2025-09-12 11:20:00,0.5932430153566262,0.5932724888775409,True,85
NZD/USD,CALL,2025-09-12 11:25:00,0.5931041602749954,0.5931107570006757,True,85
NZD/USD,CALL,2025-09-12 16:45:00,0.5934616960164608,0.5931101224385413,False,-100
NZD/USD,CALL,2025-09-12 16:50:00,0.5934724948138146,0.5931223243761619,False,-100
NZD/USD,CALL,2025-09-12 16:55:00,0.5933826721483072,0.5930646536070822,False,-100
NZD/USD,CALL,2025-09-12 17:00:00,0.5933414012605551,0.5930937402688201,False,-100
NZD/USD,CALL,2025-09-12 17:05:00,0.5932687890675749,0.5930452954586253,False,-100
NZD/USD,CALL,2025-09-14 09:00:00,0.5939802126639055,0.5938203642777377,False,-100
NZD/USD,CALL,2025-09-14 09:05:00,0.5940001236330059,0.5937828686334623,False,-100
NZD/USD,CALL,2025-09-14 09:10:00,0.5939448486390715,0.5937209462553027,False,-100
NZD/USD,CALL,2025-09-14 09:15:00,0.5939204312261918,0.5937076011024485,False,-100
NZD/USD,CALL,2025-09-14 09:20:00,0.5938967589000556,0.5938426742381427,False,-100
NZD/USD,CALL,2025-09-14 09:25:00,0.5938203642777377,0.5938229058471328,True,85
NZD/USD,PUT,2025-09-14 14:05:00,0.5931220728526397,0.5930461519331461,True,85
NZD/USD,PUT,2025-09-14 14:10:00,0.5931116318924763,0.5930495279021275,True,85
NZD/USD,PUT,2025-09-14 14:15:00,0.5930072407662883,0.5930521296446984,False,-100
NZD/USD,PUT,2025-09-14 14:20:00,0.5931906670493593,0.5931546390597867,True,85
NZD/USD,PUT,2025-09-14 14:25:00,0.593068614961243,0.5933956010797645,False,-100
NZD/USD,PUT,2025-09-14 14:30:00,0.5930461519331461,0.5933356961946277,False,-100
NZD/USD,PUT,2025-09-15 17:50:00,0.5930199430230487,0.5933858188215283,False,-100
NZD/USD,PUT,2025-09-15 17:55:00,0.5930837752143141,0.5933984947453049,False,-100
NZD/USD,PUT,2025-09-15 18:00:00,0.5932009087667844,0.5934584039177122,False,-100
NZD/USD,PUT,2025-09-15 18:05:00,0.5932992898503684,0.5934220279953628,False,-100
NZD/USD,PUT,2025-09-15 18:10:00,0.5934867731268575,0.593409962342074,True,85
NZD/USD,PUT,2025-09-15 18:15:00,0.5933858188215283,0.5934615376916772,False,-100
NZD/USD,PUT,2025-09-15 18:20:00,0.5933984947453049,0.5935450088786121,False,-100
NZD/USD,PUT,2025-09-15 18:25:00,0.5934584039177122,0.5934915860389732,False,-100
NZD/USD,PUT,2025-09-15 18:30:00,0.5934220279953628,0.5936095577517461,False,-100
NZD/USD,PUT,2025-09-17 05:35:00,0.5929120603856319,0.5931176124272454,False,-100
NZD/USD,PUT,2025-09-17 05:40:00,0.5928940125620621,0.5931013052900268,False,-100
NZD/USD,PUT,2025-09-17 05:45:00,0.5929953702665343,0.5930950754840979,False,-100
NZD/USD,PUT,2025-09-17 05:50:00,0.5929903708647171,0.5929577945508766,True,85
NZD/USD,PUT,2025-09-17 05:55:00,0.5930091819978404,0.5927387474685715,True,85
NZD/USD,PUT,2025-09-17 06:00:00,0.5931176124272454,0.5927312145563893,True,85
NZD/USD,PUT,2025-09-17 06:05:00,0.5931013052900268,0.5927451174316286,True,85
NZD/USD,PUT,2025-09-17 06:10:00,0.5930950754840979,0.5927232610001706,True,85
NZD/USD,PUT,2025-09-17 12:40:00,0.5924620210834659,0.5927107020639275,False,-100
NZD/USD,PUT,2025-09-17 12:45:00,0.5924520971595643,0.5927743990754651,False,-100
NZD/USD,PUT,2025-09-17 12:50:00,0.592409284080026,0.5928329867578844,False,-100
NZD/USD,PUT,2025-09-17 12:55:00,0.5925263322104162,0.592790451222734,False,-100
NZD/USD,PUT,2025-09-17 13:00:00,0.5925804644383461,0.5928473206330086,False,-100
USD/CAD,CALL,2025-08-30 06:25:00,1.356433188325424,1.3568523901988356,True,85
USD/CAD,CALL,2025-08-30 06:30:00,1.3564449551040902,1.3567832940985305,True,85
USD/CAD,CALL,2025-08-30 06:35:00,1.3566168677215684,1.3567699714858792,True,85
USD/CAD,CALL,2025-08-30 06:40:00,1.356673139570838,1.3566148815114671,False,-100
USD/CAD,CALL,2025-08-30 06:45:00,1.3566891762156088,1.3564451530526869,False,-100
USD/CAD,CALL,2025-08-30 06:50:00,1.3568523901988356,1.356459270688933,False,-100
USD/CAD,PUT,2025-09-03 06:05:00,1.354584377345972,1.3554952072833488,False,-100
USD/CAD,PUT,2025-09-03 06:10:00,1.354980019027234,1.3556797365060564,False,-100
USD/CAD,PUT,2025-09-03 06:15:00,1.3551174446605554,1.3556693316321942,False,-100
USD/CAD,PUT,2025-09-03 06:20:00,1.3553625460488288,1.3559997162163426,False,-100
USD/CAD,PUT,2025-09-03 06:25:00,1.3553949787803663,1.3557929052998974,False,-100
USD/CAD,PUT,2025-09-06 15:00:00,1.3547107230170323,1.3547261086495783,False,-100
USD/CAD,PUT,2025-09-06 15:05:00,1.354699676878488,1.3546005136936177,True,85
USD/CAD,PUT,2025-09-06 15:10:00,1.3547237574759825,1.3547050424476783,True,85
USD/CAD,PUT,2025-09-06 15:15:00,1.354715155383475,1.3546657232146782,True,85
USD/CAD,PUT,2025-09-06 15:20:00,1.3546928852904234,1.3543711230738396,True,85
USD/CAD,PUT,2025-09-06 15:25:00,1.3547261086495783,1.35447531113266,True,85
USD/CAD,PUT,2025-09-06 15:35:00,1.3547050424476783,1.3541141295036554,True,85
USD/CAD,PUT,2025-09-06 15:40:00,1.3546657232146782,1.35392081579697,True,85
USD/CAD,CALL,2025-09-08 14:00:00,1.351192990278252,1.3515347382102698,True,85
USD/CAD,CALL,2025-09-08 14:05:00,1.3510689182407614,1.3517755475850664,True,85
USD/CAD,CALL,2025-09-08 14:10:00,1.3511353491973332,1.3518893263007856,True,85
USD/CAD,CALL,2025-09-08 14:15:00,1.3513111789167465,1.3519701891687066,True,85
USD/CAD,CALL,2025-09-08 14:20:00,1.3514144144324196,1.3520513777370045,True,85
USD/CAD,CALL,2025-09-08 14:25:00,1.3515347382102698,1.3521276039284256,True,85
USD/CAD,CALL,2025-09-08 14:30:00,1.3517755475850664,1.3521847656129422,True,85
USD/CAD,CALL,2025-09-08 14:35:00,1.3518893263007856,1.3522494358016883,True,85
USD/CAD,CALL,2025-09-08 14:40:00,1.3519701891687066,1.352337594202431,True,85
USD/CAD,CALL,2025-09-08 14:45:00,1.3520513777370045,1.3521695403215803,True,85
USD/CAD,CALL,2025-09-08 14:50:00,1.3521276039284256,1.3521928131654113,True,85
USD/CAD,CALL,2025-09-08 14:55:00,1.3521847656129422,1.3521264518676837,False,-100
USD/CAD,CALL,2025-09-08 15:00:00,1.3522494358016883,1.3523119066246552,True,85
USD/CAD,CALL,2025-09-08 15:05:00,1.352337594202431,1.3523075042847537,False,-100
USD/CAD,CALL,2025-09-08 15:10:00,1.3521695403215803,1.3521678520384988,False,-100
USD/CHF,CALL,2025-08-24 18:20:00,0.9026456210577763,0.9029374945196756,True,85
USD/CHF,CALL,2025-08-24 18:25:00,0.9027087812158744,0.9028134870497092,True,85
USD/CHF,CALL,2025-08-24 18:30:00,0.9028393725687766,0.9028354406418112,False,-100
USD/CHF,CALL,2025-08-24 18:35:00,0.9027611335071852,0.9026869787478176,False,-100
USD/CHF,CALL,2025-08-24 18:40:00,0.9028247760297528,0.902642351107374,False,-100
USD/CHF,CALL,2025-08-24 18:45:00,0.9029374945196756,0.9026954167383612,False,-100
USD/CHF,CALL,2025-08-24 18:50:00,0.9028134870497092,0.902739706680156,False,-100
USD/CHF,CALL,2025-08-24 18:55:00,0.9028354406418112,0.9026141819911914,False,-100
USD/CHF,CALL,2025-08-24 19:00:00,0.9026869787478176,0.9024976818165604,False,-100
USD/CHF,CALL,2025-08-24 19:05:00,0.902642351107374,0.902525135245101,False,-100
USD/CHF,PUT,2025-08-30 09:40:00,0.906034613760996,0.9059730667541148,True,85
USD/CHF,PUT,2025-08-30 09:45:00,0.9059234942136788,0.9059650349452176,False,-100
USD/CHF,PUT,2025-08-30 17:50:00,0.9030694445826492,0.9033048245290972,False,-100
USD/CHF,PUT,2025-08-30 17:55:00,0.903125046432148,0.903416444292058,False,-100
USD/CHF,PUT,2025-08-30 18:00:00,0.9031632427887368,0.9033765593185444,False,-100
USD/CHF,PUT,2025-08-30 18:05:00,0.9032725421039016,0.9033054485935684,False,-100
USD/CHF,PUT,2025-08-30 18:10:00,0.9033732074618456,0.903448719711084,False,-100
USD/CHF,PUT,2025-09-06 10:40:00,0.89729231274377,0.8973479875655317,False,-100
USD/CHF,PUT,2025-09-06 10:45:00,0.897382014711073,0.8973040426737596,True,85
USD/CHF,PUT,2025-09-06 10:50:00,0.897245804340301,0.8973217424236761,False,-100
USD/CHF,PUT,2025-09-06 10:55:00,0.8972702671430941,0.8972094543806992,True,85
USD/CHF,PUT,2025-09-06 11:00:00,0.8973335393757846,0.8973476205945994,False,-100
USD/CHF,PUT,2025-09-06 11:05:00,0.8973479875655317,0.8974282705107148,False,-100
USD/CHF,PUT,2025-09-06 11:10:00,0.8973040426737596,0.8974136496513266,False,-100
USD/CHF,PUT,2025-09-06 11:15:00,0.8973217424236761,0.8972709901185615,True,85
USD/CHF,PUT,2025-09-07 05:30:00,0.8954139874568425,0.8951689669110092,True,85
USD/CHF,PUT,2025-09-07 05:35:00,0.8953798587311143,0.8950507928105821,True,85
USD/CHF,PUT,2025-09-07 05:40:00,0.8952068934833768,0.8950203160934684,True,85
USD/CHF,PUT,2025-09-07 05:45:00,0.8953446737694549,0.895015854206848,True,85
USD/CHF,PUT,2025-09-07 05:50:00,0.8951434576443461,0.8949882768412847,True,85
USD/CHF,PUT,2025-09-07 05:55:00,0.8951689669110092,0.8951360148238903,True,85
USD/CHF,PUT,2025-09-07 06:05:00,0.8950203160934684,0.8952062703985222,False,-100
USD/CHF,PUT,2025-09-07 06:10:00,0.895015854206848,0.8950725296733254,False,-100
USD/CHF,PUT,2025-09-08 20:35:00,0.8896028035767795,0.8892519517466395,True,85
USD/CHF,PUT,2025-09-08 20:40:00,0.8896571580775685,0.889285297767557,True,85
USD/CHF,PUT,2025-09-08 20:45:00,0.8896064204960299,0.8892174387926586,True,85
USD/CHF,PUT,2025-09-08 20:55:00,0.8893864949460186,0.889329578527215,True,85
USD/CHF,CALL,2025-09-16 16:15:00,0.8929885688409026,0.8928809382395149,False,-100
USD/CHF,CALL,2025-09-16 16:20:00,0.8929297820888181,0.8925479685310883,False,-100
USD/CHF,CALL,2025-09-16 16:25:00,0.8929682039706838,0.8922519645288972,False,-100
USD/CHF,CALL,2025-09-16 16:30:00,0.8928592104590567,0.8921981420198506,False,-100
USD/CHF,CALL,2025-09-16 16:35:00,0.8928922825266975,0.8922735317156117,False,-100
USD/CHF,CALL,2025-09-16 16:40:00,0.8928809382395149,0.8922914982186918,False,-100
USD/CHF,CALL,2025-09-16 16:45:00,0.8925479685310883,0.8924853234311283,False,-100
